H01,H02,H03,H04,H05,H13,H14,H16,H17,H18,H25,MO012000,MO022000,MO032000,MO042000,MO052000,MO062000,MO072000,MO082000,MO092000,MO102000,MO112000,MO122000,MO012001,MO022001,MO032001,MO042001,MO052001,MO062001,MO072001,MO082001,MO092001,MO102001,MO112001,MO122001,MO012002,MO022002,MO032002,MO042002,MO052002,MO062002,MO072002,MO082002,MO092002,MO102002,MO112002,MO122002,MO012003,MO022003,MO032003,MO042003,MO052003,MO062003,MO072003,MO082003,MO092003,MO102003,MO112003,MO122003,MO012004,MO022004,MO032004,MO042004,MO052004,MO062004,MO072004,MO082004,MO092004,MO102004,MO112004,MO122004,MO012005,MO022005,MO032005,MO042005,MO052005,MO062005,MO072005,MO082005,MO092005,MO102005,MO112005,MO122005,MO012006,MO022006,MO032006,MO042006,MO052006,MO062006,MO072006,MO082006,MO092006,MO102006,MO112006,MO122006,MO012007,MO022007,MO032007,MO042007,MO052007,MO062007,MO072007,MO082007,MO092007,MO102007,MO112007,MO122007,MO012008,MO022008,MO032008,MO042008,MO052008,MO062008,MO072008,MO082008,MO092008,MO102008,MO112008,MO122008,MO012009,MO022009,MO032009,MO042009,MO052009,MO062009,MO072009,MO082009,MO092009,MO102009,MO112009,MO122009,MO012010,MO022010,MO032010,MO042010,MO052010,MO062010,MO072010,MO082010,MO092010,MO102010,MO112010,MO122010,MO012011,MO022011,MO032011,MO042011,MO052011,MO062011,MO072011,MO082011,MO092011,MO102011,MO112011,MO122011,MO012012,MO022012,MO032012,MO042012,MO052012,MO062012,MO072012,MO082012,MO092012,MO102012,MO112012,MO122012,MO012013,MO022013,MO032013,MO042013,MO052013,MO062013,MO072013,MO082013,MO092013,MO102013,MO112013,MO122013,MO012014,MO022014,MO032014,MO042014,MO052014,MO062014,MO072014,MO082014,MO092014,MO102014,MO112014,MO122014,MO012015,MO022015,MO032015,MO042015,MO052015,MO062015,MO072015,MO082015,MO092015,MO102015,MO112015,MO122015,MO012016,MO022016,MO032016,MO042016,MO052016,MO062016,MO072016,MO082016,MO092016,MO102016,MO112016,MO122016,MO012017,MO022017,MO032017,MO042017,MO052017,MO062017,MO072017,MO082017,MO092017,MO102017,MO112017,MO122017,MO012018,MO022018,MO032018,MO042018,MO052018,MO062018,MO072018,MO082018,MO092018,MO102018,MO112018,MO122018,MO012019,MO022019,MO032019,MO042019,MO052019,MO062019,MO072019,MO082019,MO092019,MO102019,MO112019,MO122019,MO012020,MO022020,MO032020,MO042020,MO052020,MO062020,MO072020,MO082020,MO092020,MO102020,MO112020,MO122020,MO012021,MO022021,MO032021,MO042021,MO052021,MO062021,MO072021,MO082021,MO092021,MO102021,MO112021,MO122021,MO012022,MO022022,MO032022,MO042022,MO052022,MO062022,MO072022,MO082022,MO092022,MO102022,MO112022,MO122022,MO012023,MO022023,MO032023,MO042023,MO052023,MO062023,MO072023,MO082023,MO092023,MO102023,MO112023,MO122023,MO012024,MO022024,MO032024,MO042024,MO052024,MO062024,MO072024,MO082024,MO092024,MO102024,MO112024,MO122024,MO012025,MO022025
P4141,Electricity generated and available for distribution,ELEKTS10,Total - All producers,Electricity available for distribution in South Africa,,,Seasonally adjusted,Gigawatt-hours,,Monthly,15916,15981,16106,16347,16329,16075,16310,16383,16299,16442,16484,16555,16398,16247,16269,16340,16229,16059,16491,16392,16519,16430,16271,16402,16549,16655,16875,16888,17011,17306,17237,17244,17320,17388,17584,18004,17496,17475,17580,17617,17470,17637,18045,17938,17720,18115,18077,18203,18272,18729,18401,18289,18176,18589,18915,18460,18593,18363,18603,18512,18577,18612,18407,18949,18482,18259,18435,18397,18643,18789,18831,18979,19034,18888,18892,18946,19538,19430,19274,19456,19262,19333,19592,19655,19998,19865,20053,19828,20126,20261,20277,20466,20029,20115,20164,19928,19694,20289,19479,19949,19645,19789,20092,19902,20019,19843,19003,18237,18291,18155,18565,18650,18928,19101,19675,19594,19659,19623,19601,19624,19791,19720,20037,19797,19855,20055,19862,19737,19501,20087,20049,19830,19966,20021,20372,20175,20397,20170,19779,19799,19852,19910,20101,20064,19976,20336,19494,18999,19402,19562,19439,19507,19317,19140,19757,19310,19082,18965,19088,19275,19559,19590,19841,19867,19471,19527,19313,19541,19647,19391,19304,19395,19491,19268,19405,19471,19655,19650,19444,19521,19646,19556,19879,19277,19209,19241,19161,18537,19028,19180,19005,19266,19078,19779,18824,19080,18994,18810,19010,18908,18955,19076,19039,19085,18991,19106,19370,19143,19532,19073,18711,19258,19016,19034,19163,19272,19345,19322,19451,19019,19500,19231,19275,19448,19152,19456,19371,19290,19435,19142,18955,19320,19167,18860,18867,18492,18911,19032,18830,18377,18821,19185,18027,14803,16567,17883,18234,18397,18500,18564,18504,18694,18452,18432,18581,18634,18629,18152,18718,18739,18517,17912,18085,18183,18495,18439,18452,18237,18246,17933,17547,18458,17124,17532,17657,16815,17178,16812,17607,16751,16882,17335,17018,17250,16923,17706,17231,17617,17448,17683,17499,17836,17747,17910,18193,17974,18007,17792,17755,17587,17613,17142
P4141,Electricity generated and available for distribution,ELEKIN11,Physical volume of electricity production,,,,,Index,Base: 2019=100,Monthly,77.1,76,84.2,79.9,88.6,87.4,89.9,87.9,82.6,86,82.7,78.2,82.2,75.1,82.1,78.1,85.9,84.3,92.6,90,83.8,85.7,81.2,76.8,82.1,76.6,83.1,82.5,91.2,91.9,96.3,91.6,87.5,91.4,88.7,84.8,86.9,82.2,90.1,87.3,94.3,95.5,99.4,99.3,94,99.1,93.4,91.1,92.6,89.4,95.7,91.8,99.3,101.8,106.2,101.1,96.5,99,95.5,93,94.6,88.9,97.1,95.1,99.7,98.5,102.3,99.9,96.1,99.4,96.4,95.2,96.7,91.1,100.1,95,104.8,104,107.4,105.8,98.7,103.9,100.1,97.8,100.8,94.3,104.5,97.8,108.5,109,113,110.6,102.2,105.8,103.6,101.4,102.1,96.6,102.3,98.9,106.2,105.5,111.6,106.9,101.6,106.1,98.3,90.7,92.1,85.8,96.3,93.2,101.3,101.6,109.3,105.5,101.2,102.4,99.4,97.2,100.3,93.6,104.1,98.9,105.2,106.7,109.5,106.1,99.6,107.5,102.7,99,100.8,95.9,105.9,101.6,108.8,107.4,109.8,106.6,102.1,105.9,102.9,99.3,101.9,96.4,102,95.5,103.1,105,108.6,108.3,101.4,103.9,102.3,96.6,98.9,93,102.3,99.4,104,105,109.3,107.1,100,102.7,99,95.9,100.4,92.7,101.5,98.7,102.9,102.6,107,105,101.2,103.2,98.3,96.5,100.3,92.2,102.7,95.6,100.5,101.8,104.5,100.3,97.8,100.2,97.2,96.5,98.3,95,98.7,96.5,101.8,102.3,107.5,104.2,98.9,102.3,99.4,97.3,99.2,91.4,101.3,97.3,106.4,103.9,105.6,105,100,103.7,101,98.7,101.5,93.1,102.5,96.8,105.5,104.2,107.9,104.6,99.2,104.5,100.9,97.1,99.5,91.3,99.5,98.5,105,104.3,107.2,102.2,98.7,102.5,98.2,93.3,97.1,92.2,95.5,76.1,91.1,98.3,102.4,99.7,95.7,99.7,95.7,94.3,93.9,88.2,97.2,95.5,102.2,101.4,105.7,101.7,95.7,96.2,92.3,90.8,93,87.9,96.2,91.9,97.9,97.4,97.7,99.5,87.9,92.5,90.5,83.3,85.7,79.4,90.8,84.1,89.4,93.8,94.3,93.1,87,94.1,87.8,87,86.4,82.7,91,89.1,94.6,99,102.5,99.3,94.7,96.8,93.9,90.1,91.3,83
P4141,Electricity generated and available for distribution,ELEKIS11,Physical volume of electricity production,,,,Seasonally adjusted,Index,Base: 2019=100,Monthly,79.2,80.4,83.9,84.8,84.8,83.7,82.4,83.6,82.9,84.1,84.1,84.2,83.9,82.7,82.4,82.6,82.3,80.7,84.8,85.3,84.6,83.3,82.5,82.8,84,84.6,85.1,85.7,86.9,88.3,87.5,87.3,88.1,89.1,90.2,91.2,89.1,89.5,89.9,91.2,91.1,92.1,93,94.9,94.8,96.8,94.9,94.8,94.9,97.5,95.4,96,95.9,98.2,99.3,96.6,97.5,96.7,97,96.8,96.9,96.9,96.8,99.6,96.3,95.1,95.5,95.4,97.3,97.2,97.9,98.9,99,99.4,99.7,99.5,101.2,100.6,100,101,99.9,101.8,101.7,101.5,103.1,103,104,102.4,104.8,105.6,105,105.7,103.6,103.7,105.3,105.1,104.4,105.7,101.8,103.3,102.7,102.2,103.5,102.2,103,104.1,99.8,94.2,94.2,93.8,95.7,97.1,98.2,98.4,101.5,101.1,102.5,100.4,100.8,101.1,102.5,102.3,103.4,102.6,102.2,103.4,101.9,101.7,100.8,105.5,104,103.2,102.9,104.7,105.1,105.1,106.1,104.1,102.5,102.2,103.2,103.9,104.2,103.7,103.7,105.1,101.2,98.5,100.7,101.9,101.7,103.8,102.4,101.9,103.7,100.9,100.2,101.3,101.6,102.4,101.8,102,102.6,102.7,100.9,100.7,100.4,100,101.5,101,100.9,101.7,100.8,99.8,100.3,100.8,102,101.2,99.9,100.3,101.2,100.6,102,98.7,98.4,99.2,97.9,96.4,98.7,98.2,98.6,100.1,99.2,103.8,98.2,99.8,99.2,99.5,100.7,100.5,100,100.1,100.7,100.8,100.1,100.1,101.1,100.7,103.3,100.8,98.8,101.5,101.2,101.2,102.1,102.2,102.8,102.3,102.7,100.2,102,100.8,100.8,101.1,100.5,102,102.1,100.6,101.1,100.4,99.8,102,101.1,100.5,99.9,98.6,100.1,100.1,99.4,96.8,99.1,101.6,96,78.7,87.7,94.3,95.4,96,96.9,97.4,97.3,97.9,96.3,97.1,97.6,98.8,98.6,96.9,98.5,97.6,96.9,94.1,93.8,94.3,95.8,96.8,96.5,95,94.8,92.8,90.9,95.2,89,90.6,92.2,86.6,88.4,87.5,91,87.1,86.7,89.2,87.7,88.8,88.1,92,89.2,90.6,89.2,91.3,91.1,92.3,91.9,94.1,95.3,94.6,95.8,94.7,95.3,93.8,94.2,91.8
P4141,Electricity generated and available for distribution,ELEKTS11,Physical volume of electricity production,,,,Seasonally adjusted,Gigawatt-hours,,Monthly,16664,16934,17661,17854,17858,17618,17348,17595,17456,17706,17708,17722,17657,17419,17344,17393,17331,16985,17850,17948,17813,17536,17379,17425,17674,17802,17920,18033,18303,18582,18423,18370,18556,18766,18985,19208,18757,18844,18920,19208,19177,19400,19585,19980,19965,20370,19984,19955,19975,20521,20089,20206,20185,20680,20907,20335,20516,20363,20418,20376,20410,20405,20389,20973,20266,20028,20105,20080,20474,20462,20612,20816,20843,20927,20999,20943,21297,21177,21058,21273,21036,21431,21418,21366,21703,21674,21892,21560,22068,22227,22095,22247,21816,21829,22164,22137,21980,22249,21423,21750,21626,21517,21793,21526,21679,21906,21015,19830,19828,19739,20140,20450,20676,20712,21371,21274,21586,21145,21222,21281,21577,21534,21760,21605,21522,21764,21449,21401,21226,22202,21897,21717,21654,22034,22121,22121,22328,21926,21576,21509,21727,21865,21936,21837,21830,22129,21313,20728,21191,21443,21416,21856,21561,21461,21822,21251,21098,21320,21384,21550,21424,21477,21593,21622,21232,21198,21144,21055,21372,21260,21233,21401,21216,21014,21123,21217,21477,21311,21025,21123,21296,21169,21481,20777,20708,20876,20609,20305,20773,20671,20766,21068,20887,21858,20665,21014,20883,20950,21194,21157,21044,21083,21192,21220,21083,21076,21276,21209,21750,21223,20795,21375,21307,21315,21492,21518,21651,21531,21615,21098,21479,21222,21211,21293,21151,21475,21485,21186,21290,21146,21020,21471,21291,21161,21040,20766,21064,21066,20934,20385,20862,21382,20206,16568,18471,19855,20085,20208,20409,20501,20478,20611,20277,20436,20558,20790,20756,20402,20738,20539,20401,19810,19756,19860,20162,20379,20312,20008,19954,19531,19127,20039,18731,19068,19401,18234,18607,18427,19150,18329,18263,18784,18466,18700,18540,19376,18787,19065,18776,19231,19175,19442,19356,19818,20064,19911,20176,19927,20064,19749,19838,19317
P4141,Electricity generated and available for distribution,ELEKTT11,Physical volume of electricity production,,,,Trend,Gigawatt-hours,,Monthly,17284,17425,17566,17662,17693,17669,17618,17588,17597,17631,17655,17639,17572,17484,17418,17412,17479,17584,17673,17703,17670,17604,17547,17538,17609,17755,17938,18114,18253,18356,18450,18547,18648,18749,18841,18910,18773,18853,18971,19110,19273,19459,19649,19812,19928,19990,20011,20006,20009,20046,20116,20205,20296,20372,20421,20441,20438,20424,20412,20409,20407,20388,20339,20269,20196,20147,20149,20213,20330,20478,20624,20747,20848,20933,21009,21070,21111,21142,21165,21191,21231,21295,21385,21493,21610,21731,21860,21983,22074,22110,22103,22070,22037,22027,22038,22052,22037,21976,21878,21775,21704,21672,21652,21597,21444,21165,20800,20437,20161,20044,20100,20315,20614,20913,21136,21265,21320,21339,21356,21393,21462,21552,21625,21649,21611,21549,21500,21484,21504,21563,21650,21762,21887,21996,22064,22068,22005,21895,21783,21722,21732,21783,21827,21812,21720,21575,21437,21356,21346,21398,21478,21538,21540,21482,21396,21320,21286,21299,21358,21435,21503,21533,21504,21431,21340,21254,21199,21190,21220,21257,21264,21239,21211,21196,21198,21212,21227,21240,21239,21207,21151,21084,21000,20898,20789,20694,20641,20636,20669,20733,20815,20897,20952,20971,20975,20982,20996,21023,21059,21095,21123,21135,21138,21141,21152,21167,21184,21206,21232,21258,21278,21305,21345,21409,21474,21525,21545,21526,21472,21392,21313,21264,21253,21275,21311,21329,21318,21292,21260,21243,21235,21221,21193,21151,21090,21036,20994,20951,20858,20660,20349,19982,19653,19455,19432,19576,19837,20125,20342,20458,20488,20489,20497,20524,20571,20631,20676,20665,20572,20402,20212,20061,19989,20005,20089,20172,20180,20063,19833,19566,19322,19130,18987,18873,18772,18660,18543,18445,18395,18396,18439,18493,18553,18618,18680,18740,18813,18899,18994,19100,19230,19389,19569,19749,19902,20010,20059,20031,19937,19808,19681,19575
P4141,Electricity generated and available for distribution,ELEKTR11,Total - All producers,Electricity produced,,,,Gigawatt-hours,,Monthly,16239,16008,17722,16831,18656,18410,18920,18517,17395,18107,17402,16463,17313,15810,17296,16437,18090,17755,19506,18958,17637,18037,17096,16165,17286,16122,17501,17378,19199,19341,20278,19289,18424,19246,18665,17846,18297,17297,18965,18380,19846,20097,20926,20904,19799,20867,19670,19181,19495,18827,20141,19321,20902,21427,22351,21292,20310,20844,20105,19590,19928,18719,20452,20030,20998,20745,21533,21024,20233,20928,20292,20040,20363,19180,21077,19993,22069,21897,22622,22273,20772,21882,21074,20596,21215,19847,21994,20587,22849,22957,23801,23281,21523,22272,21810,21343,21490,20349,21548,20813,22362,22206,23498,22508,21384,22329,20702,19102,19395,18056,20273,19624,21322,21384,23022,22214,21306,21557,20935,20469,21113,19702,21917,20815,22141,22464,23056,22329,20977,22624,21623,20840,21233,20182,22287,21391,22910,22620,23111,22443,21493,22294,21665,20909,21462,20296,21479,20099,21702,22107,22863,22802,21351,21877,21536,20345,20819,19584,21540,20924,21892,22110,23015,22549,21052,21615,20838,20199,21138,19527,21380,20778,21664,21598,22524,22104,21306,21722,20704,20320,21110,19417,21623,20137,21170,21435,21994,21120,20589,21090,20471,20310,20706,20001,20776,20328,21428,21534,22633,21937,20825,21545,20934,20491,20885,19234,21324,20478,22410,21874,22233,22115,21048,21825,21268,20791,21377,19593,21589,20372,22221,21946,22722,22021,20879,21993,21249,20449,20947,19220,20948,20737,22098,21956,22562,21509,20789,21579,20666,19642,20439,19419,20116,16019,19186,20690,21550,20987,20152,20985,20159,19845,19777,18571,20471,20103,21511,21356,22265,21403,20147,20264,19425,19119,19586,18500,20248,19348,20616,20498,20561,20959,18510,19483,19063,17538,18039,16722,19122,17703,18817,19743,19857,19605,18323,19806,18485,18318,18192,17419,19160,18765,19908,20846,21581,20898,19942,20385,19764,18961,19220,17483
P4141,Electricity generated and available for distribution,ELEKTR13,Total - All producers,Purchased outside South Africa (import),,,,Gigawatt-hours,,Monthly,683,529,6,24,20,2,599,476,495,506,601,778,569,488,665,774,629,797,479,282,507,713,636,708,670,643,783,733,658,704,702,721,637,454,477,691,705,637,706,547,569,518,792,424,266,272,583,720,828,811,863,641,547,560,607,618,590,536,746,679,729,714,533,598,849,813,856,883,686,836,865,837,872,646,581,587,879,881,926,930,971,682,862,965,1088,942,973,1055,900,880,984,1045,1026,1040,796,619,638,885,802,844,761,1002,1089,1076,1044,645,711,1075,1102,999,1064,906,937,1088,1040,1072,920,1115,940,1112,1122,995,1040,931,1074,1019,1117,1109,1068,770,1018,930,1088,730,1112,912,907,1009,979,1108,974,911,1073,1087,1085,1063,945,1068,1066,1044,903,465,474,451,654,788,676,407,455,559,919,881,965,930,839,891,854,1052,1020,873,854,664,902,882,945,935,867,1086,1120,1029,1057,1061,1163,1144,1192,1052,1201,1033,971,1144,947,1094,1058,930,1000,976,930,788,863,770,908,802,819,711,701,670,765,792,731,718,765,786,648,686,572,734,799,712,760,744,810,795,810,935,810,847,764,901,915,749,707,689,888,692,825,766,817,900,903,953,975,820,920,898,794,786,832,832,731,767,698,776,858,743,743,790,711,571,853,1033,927,783,1021,1104,1099,835,871,904,913,918,823,903,852,884,771,988,1003,761,883,807,951,922,991,954,808,786,878,965,981,881,822,927,925,900,830,823,628,660,602,776,588,534
P4141,Electricity generated and available for distribution,ELEKTR12,Total - All producers,Consumed in power stations and auxiliary systems,,,,Gigawatt-hours,,Monthly,1212,1145,1306,1300,1399,1401,1396,1389,1253,1363,1318,1237,1202,957,1144,1233,1283,1268,1421,1371,1286,1326,1174,1102,1208,1073,1203,1225,1428,1428,1410,1341,1308,1332,1309,1215,1329,1258,1409,1403,1452,1486,1591,1585,1488,1544,1439,1389,1437,1384,1500,1487,1596,1593,1662,1596,1490,1554,1455,1486,1478,1363,1530,1504,1540,1478,1630,1572,1401,1475,1515,1492,1575,1380,1548,1440,1590,1510,1676,1635,1517,1590,1507,1523,1608,1428,1576,1528,1645,1562,1703,1722,1631,1625,1566,1569,1591,1465,1611,1531,1639,1530,1728,1627,1500,1577,1520,1448,1483,1319,1543,1511,1603,1478,1688,1653,1559,1485,1415,1468,1622,1388,1519,1474,1602,1549,1660,1623,1541,1685,1623,1565,1572,1388,1601,1575,1638,1541,1681,1635,1561,1630,1594,1521,1624,1363,1559,1527,1576,1542,1673,1628,1560,1615,1533,1516,1521,1404,1607,1589,1623,1563,1679,1604,1454,1474,1489,1463,1518,1398,1601,1547,1613,1496,1636,1617,1528,1541,1507,1472,1519,1311,1558,1457,1557,1514,1613,1517,1492,1539,1417,1490,1499,1341,1412,1395,1482,1497,1752,1750,1662,1686,1538,1520,1524,1284,1521,1563,1711,1633,1706,1689,1644,1708,1576,1569,1652,1500,1671,1658,1757,1639,1687,1727,1639,1735,1615,1554,1610,1438,1581,1590,1728,1766,1843,1780,1737,1747,1660,1587,1627,1534,1660,1506,1680,1746,1788,1725,1615,1684,1529,1537,1570,1482,1613,1647,1731,1797,1868,1762,1637,1607,1518,1493,1512,1449,1601,1595,1638,1618,1567,1596,1501,1543,1509,1378,1370,1259,1433,1362,1459,1566,1686,1633,1495,1575,1421,1390,1390,1331,1525,1495,1616,1728,1748,1719,1539,1562,1444,1396,1452,1363
P4141,Electricity generated and available for distribution,ELEKTR14,Total - All producers,Sold outside South Africa (export),,,,Gigawatt-hours,,Monthly,197,169,196,155,213,193,363,389,458,540,525,609,616,470,498,463,508,496,543,569,581,630,598,547,558,478,529,525,578,601,614,605,628,626,600,608,578,508,607,619,805,798,944,1030,1051,1116,1025,1055,1037,977,1027,951,944,1057,1140,1049,1048,1112,1082,1029,1030,901,968,991,1083,1096,1102,1144,1134,1161,1119,1155,1056,1050,1129,1017,1046,1102,1239,1262,1239,1311,1186,1129,1134,1060,1231,1132,1203,1256,1301,1252,1186,1252,1256,1233,1280,1101,1136,998,1120,1162,1249,1220,1203,1258,1252,1189,1096,979,1100,1086,1109,1175,1223,1235,1285,1288,1213,1263,1217,1128,1252,1170,1177,1132,1206,1275,1248,1338,1316,1209,1133,1069,1279,1190,1241,1174,1247,1298,1288,1378,1381,1286,1247,1212,1242,1174,1322,1335,1350,1295,1165,1300,1233,1160,1115,1095,1187,1132,1196,1158,1183,1185,1166,1237,1219,1056,1183,1085,1219,999,1046,1092,1171,1167,1194,1363,1191,1126,1156,1106,1228,1050,1161,1139,1181,1389,1270,1269,1277,1383,1339,1398,1427,1371,1367,1411,1439,1378,1385,1307,1419,1308,1239,1078,1122,1150,1264,1234,1290,1326,1340,1448,1321,1389,1414,1135,1204,1030,1061,1169,1210,1168,1203,1313,1268,1211,1115,1035,1138,1120,1308,1264,1310,1380,1255,1358,1365,1329,1338,1209,1393,1027,1037,1058,1052,1047,1043,1177,1166,1100,1058,1002,1074,1164,1114,1073,1161,1209,1197,1225,1202,1226,1194,1064,1103,937,982,947,992,1036,990,1026,1034,965,999,855,971,867,866,852,909,927,973,1033,1045,959,852,830,951,874,904,1130,1111,1204,1307,1388,1502,1475,1291,1074
P4141,Electricity generated and available for distribution,ELEKTR10,Total - All producers,Electricity available for distribution in South Africa,,,,Gigawatt-hours,,Monthly,15512,15224,16225,15399,17064,16818,17759,17214,16180,16709,16161,15395,16064,14871,16320,15515,16929,16788,18021,17300,16277,16794,15960,15224,16191,15215,16551,16362,17852,18016,18956,18064,17125,17741,17234,16713,17095,16168,17655,16905,18159,18331,19183,18713,17526,18479,17790,17456,17850,17278,18477,17524,18909,19336,20156,19265,18362,18714,18314,17754,18149,17169,18487,18132,19224,18983,19657,19191,18383,19127,18523,18230,18603,17396,18982,18122,20312,20166,20632,20307,18987,19663,19244,18909,19561,18301,20160,18982,20901,21020,21780,21353,19732,20435,19785,19160,19256,18668,19603,19127,20365,20515,21610,20736,19725,20138,18640,17541,17919,16757,18694,17934,19548,19819,21151,20398,19382,19899,19248,18850,19396,18181,20186,19102,20435,20800,21307,20540,19256,20371,19702,18996,19616,18455,20518,19539,20938,20914,21162,20617,19619,20198,19763,19189,19676,18783,19623,18466,19869,20274,20743,20345,19100,19413,19426,18456,18860,17493,19202,18762,19991,20270,21119,20689,19271,19795,18984,18733,19457,17917,19415,18895,19907,19891,20661,20255,19450,19905,19126,18752,19493,18062,20000,18774,19644,19834,20401,19247,18798,19425,18724,18531,18926,18191,18937,18539,19508,19413,20305,19579,18687,19354,18796,18374,18824,17542,19445,18556,20166,19725,20002,19885,18712,19356,18943,18566,19110,17670,19475,18427,20212,19933,20636,20061,18847,19793,19131,18585,19137,17496,18935,18715,19951,19618,20234,19114,18613,19375,18543,17680,18449,17496,17982,14384,17263,18672,19541,19048,18225,18891,18162,17985,18007,16830,18527,18083,19377,19058,20089,19465,18240,18214,17726,17504,17978,16821,18416,17719,18907,18851,18826,19231,16871,17797,17291,16183,16673,15370,17600,16280,17443,18247,18252,17998,16663,17984,16897,16934,16932,16138,17506,17323,18313,18889,19552,18800,17723,18094,17419,16865,17064,15581
P4141,Electricity generated and available for distribution,ELEKTR21,National electricity supplier,Electricity produced,,,,Gigawatt-hours,,Monthly,15425,15239,16852,15973,17757,17522,18034,17600,16569,17200,16499,15687,16462,15004,16471,15579,17264,16911,18605,18186,16922,17371,16457,15526,16414,15315,16717,16519,18283,18259,19189,18264,17442,18311,17767,16922,17490,16437,18051,17525,18922,19057,19828,19789,18801,19829,18701,18248,18640,18007,19219,18488,19960,20376,21276,20298,19341,19841,19122,18585,19085,17842,19445,19080,19868,19625,20402,19890,19271,20068,19439,19169,19515,18446,20304,19323,21231,20875,21634,21306,19896,21042,20261,19761,20413,19139,21187,19819,22061,21952,22738,22207,20674,21371,20918,20459,20699,19541,20671,19863,21422,21167,22515,21566,20549,21539,19896,18345,18643,17384,19540,18863,20620,20723,22212,21431,20579,20890,20333,19875,20541,19151,21298,20281,21557,21792,22352,21326,20133,21718,20879,20229,20437,19316,21379,20721,21984,21592,22094,21496,20579,21390,20769,19989,20612,19410,20605,19287,20796,21203,21970,21886,20534,21003,20705,19505,20076,18847,20544,20013,20928,21067,21960,21462,20131,20694,19910,19219,20236,18678,20292,19637,20485,20399,21171,20786,20008,20354,19416,18939,19755,18187,20313,18739,19722,20053,20505,19666,19110,19766,18965,18852,19350,18640,19312,18806,19929,20014,21046,20236,19086,19803,19156,18623,19091,17667,19625,18851,20845,20086,20504,20181,19272,19987,19390,18759,19280,17807,19826,18640,20413,20059,20693,19972,19028,19921,19175,18322,18795,17404,18980,18852,20146,19888,20381,19368,18833,19569,18695,17569,18412,17696,18299,14217,17503,18651,19421,18821,18078,18789,17822,17483,17612,16549,18377,18173,19329,19101,19848,19066,17775,17886,17082,16852,17484,16723,18261,17370,18667,18381,18313,18452,16243,17146,16608,14939,15428,14425,16598,15450,16578,17112,17298,16862,15804,17250,16060,15792,15603,14835,16618,16292,17437,18248,18967,18108,17278,17755,17278,16388,16631,15308
P4141,Electricity generated and available for distribution,ELEKTR23,National electricity supplier,Purchased outside South Africa (import),,,,Gigawatt-hours,,Monthly,683,529,6,24,20,2,599,476,495,506,601,778,569,488,665,774,629,797,479,282,507,713,636,708,670,643,783,733,658,704,702,721,637,454,477,691,705,637,706,547,569,518,792,424,266,272,583,720,828,811,863,641,547,560,607,618,590,536,746,679,729,714,533,598,849,813,856,883,686,836,865,837,872,646,581,587,879,881,926,930,971,682,862,965,1088,942,973,1055,900,880,984,1045,1026,1040,796,619,638,885,802,844,761,1002,1089,1076,1044,645,711,1075,1102,999,1064,906,937,1088,1040,1072,920,1115,940,1112,1122,995,1040,931,1074,1019,1117,1109,1068,770,1018,930,1088,730,1112,912,907,1009,979,1108,974,911,1073,1087,1085,1063,945,1068,1066,1044,903,465,474,451,654,788,676,407,455,559,919,881,965,930,839,891,854,1052,1020,873,854,664,902,882,945,935,867,1086,1120,1029,1057,1061,1163,1144,1192,1052,1201,1033,971,1144,947,1094,1058,930,1000,976,930,788,863,770,908,802,819,711,701,670,765,792,731,718,765,786,648,686,572,734,799,712,760,744,810,795,810,935,810,847,764,901,915,749,707,689,888,692,825,766,817,900,903,953,975,820,920,898,794,786,832,832,731,767,698,776,858,743,743,790,711,571,853,1033,927,783,1021,1104,1099,835,871,904,913,918,823,903,852,884,771,988,1003,761,883,807,951,922,991,954,808,786,878,965,981,881,822,927,925,900,830,823,628,660,602,776,588,534
P4141,Electricity generated and available for distribution,ELEKTR22,National electricity supplier,Consumed in power stations and auxiliary systems,,,,Gigawatt-hours,,Monthly,1123,1078,1213,1209,1294,1297,1297,1292,1158,1257,1212,1151,1106,865,1046,1141,1183,1162,1311,1269,1196,1230,1089,1024,1109,981,1108,1123,1320,1310,1293,1231,1212,1230,1224,1128,1252,1172,1316,1327,1369,1380,1478,1461,1403,1439,1344,1303,1357,1300,1416,1421,1512,1500,1566,1509,1415,1455,1348,1386,1386,1272,1434,1411,1451,1371,1542,1477,1319,1388,1426,1411,1496,1297,1469,1370,1507,1432,1581,1548,1451,1526,1432,1460,1532,1374,1516,1470,1582,1482,1624,1644,1565,1555,1489,1502,1505,1379,1523,1438,1549,1436,1626,1542,1413,1505,1443,1382,1412,1239,1463,1439,1538,1408,1615,1578,1489,1421,1357,1424,1567,1325,1453,1415,1535,1484,1609,1548,1473,1601,1551,1509,1489,1326,1537,1528,1575,1464,1607,1567,1495,1569,1524,1453,1540,1286,1488,1467,1503,1469,1590,1557,1495,1547,1475,1453,1459,1342,1536,1532,1566,1493,1609,1523,1378,1420,1433,1393,1450,1336,1526,1477,1538,1413,1542,1533,1461,1470,1444,1401,1446,1254,1489,1389,1481,1418,1513,1441,1423,1477,1351,1418,1436,1276,1344,1327,1409,1415,1661,1679,1591,1628,1471,1449,1457,1221,1458,1496,1644,1560,1636,1611,1575,1643,1509,1503,1583,1442,1616,1596,1686,1566,1611,1639,1576,1669,1540,1465,1541,1374,1511,1519,1652,1680,1739,1673,1671,1672,1600,1522,1568,1482,1602,1448,1627,1676,1686,1628,1532,1611,1461,1462,1498,1413,1541,1579,1655,1696,1767,1652,1542,1521,1428,1413,1448,1375,1522,1525,1555,1528,1473,1494,1395,1440,1407,1282,1274,1174,1347,1270,1358,1454,1569,1513,1400,1481,1330,1311,1290,1237,1434,1412,1518,1622,1640,1614,1455,1491,1370,1320,1374,1291
P4141,Electricity generated and available for distribution,ELEKTR24,National electricity supplier,Sold outside South Africa (export),,,,Gigawatt-hours,,Monthly,197,169,196,155,213,193,363,389,458,540,525,609,616,470,498,463,508,496,543,569,581,630,598,547,558,478,529,525,578,601,614,605,628,626,600,608,578,508,607,619,805,798,944,1030,1051,1116,1025,1055,1037,977,1027,951,944,1057,1140,1049,1048,1112,1082,1029,1030,901,968,991,1083,1096,1102,1144,1134,1161,1119,1155,1056,1050,1129,1017,1046,1102,1239,1262,1239,1311,1186,1129,1134,1060,1231,1132,1203,1256,1301,1252,1186,1252,1256,1233,1280,1101,1136,998,1120,1162,1249,1220,1203,1258,1252,1189,1096,979,1100,1086,1109,1175,1223,1235,1285,1288,1213,1263,1217,1128,1252,1170,1177,1132,1206,1275,1248,1338,1316,1209,1133,1069,1279,1190,1241,1174,1247,1298,1288,1378,1381,1286,1247,1212,1242,1174,1322,1335,1350,1295,1165,1300,1233,1160,1115,1095,1187,1132,1196,1158,1183,1185,1166,1237,1219,1056,1183,1085,1219,999,1046,1092,1171,1167,1194,1363,1191,1126,1156,1106,1228,1050,1161,1139,1181,1389,1270,1269,1277,1383,1339,1398,1427,1371,1367,1411,1439,1378,1385,1307,1419,1308,1239,1078,1122,1150,1264,1234,1290,1326,1340,1448,1321,1389,1414,1135,1204,1030,1061,1169,1210,1168,1203,1313,1268,1211,1115,1035,1138,1120,1308,1264,1310,1380,1255,1358,1365,1329,1338,1209,1393,1027,1037,1058,1052,1047,1043,1177,1166,1100,1058,1002,1074,1164,1114,1073,1161,1209,1197,1225,1202,1226,1194,1064,1103,937,982,947,992,1036,990,1026,1034,965,999,855,971,867,866,852,909,927,973,1033,1045,959,852,830,951,874,904,1130,1111,1204,1307,1388,1502,1475,1291,1074
P4141,Electricity generated and available for distribution,ELEKTR20,National electricity supplier,Electricity available for distribution in South Africa,,,,Gigawatt-hours,,Monthly,14787,14521,15449,14632,16270,16034,16973,16394,15448,15908,15363,14706,15309,14156,15592,14749,16202,16050,17231,16629,15652,16224,15406,14663,15417,14500,15863,15605,17044,17052,17984,17149,16240,16908,16420,15876,16365,15393,16834,16126,17318,17397,18198,17722,16613,17546,16916,16609,17075,16542,17638,16758,18051,18379,19178,18357,17468,17810,17438,16849,17398,16383,17576,17276,18183,17971,18615,18152,17505,18355,17759,17440,17835,16745,18288,17523,19556,19221,19740,19426,18177,18887,18505,18136,18834,17648,19413,18272,20177,20095,20796,20356,18950,19604,18969,18343,18551,17946,18813,18271,19513,19571,20730,19880,18977,19420,17912,16849,17237,16165,18042,17245,18910,19227,20414,19690,18725,19296,18704,18300,18880,17693,19633,18627,19919,20193,20653,19610,18480,19549,19030,18442,18903,17651,19674,18916,20076,19963,20219,19739,18771,19355,18937,18337,18910,17974,18820,17715,19036,19444,19934,19500,18348,18607,18652,17680,18178,16818,18276,17909,19085,19297,20134,19683,18425,18928,18112,17823,18623,17129,18401,17824,18803,18776,19402,19021,18220,18607,17902,17441,18211,16888,18759,17445,18272,18547,19012,17869,17388,18164,17284,17145,17633,16895,17540,17085,18083,17975,18808,17950,17018,17670,17086,16577,17096,16038,17809,16996,18668,18010,18342,18029,17004,17583,17133,16602,17082,15942,17766,16757,18475,18120,18682,18099,17059,17786,17131,16547,17053,15744,17038,16902,18074,17637,18157,17081,16723,17439,16633,15672,16481,15826,16224,12640,15632,16704,17515,16978,16234,16768,15893,15698,15914,14877,16505,16220,17272,16904,17773,17238,15963,15923,15473,15317,15941,15119,16506,15811,17042,16824,16672,16825,14711,15563,14938,13679,14158,13157,15163,14119,15305,15728,15811,15376,14239,15522,14563,14487,14442,13648,15055,14933,15940,16396,17046,16114,15144,15536,15007,14368,14553,13478
P4141,Electricity generated and available for distribution,ELEKTS21,National electricity supplier,Electricity produced,,,Seasonally adjusted,Gigawatt-hours,,Monthly,15868,16119,16710,17013,16959,16805,16520,16721,16625,16789,16779,16884,16829,16584,16443,16540,16514,16212,17010,17216,17097,16846,16708,16727,16834,16961,17089,17152,17405,17595,17417,17396,17561,17815,18042,18194,17847,17883,17983,18252,18277,18468,18617,18982,18983,19277,19002,19023,19025,19604,19145,19267,19263,19745,19963,19451,19553,19305,19419,19368,19487,19432,19370,19913,19158,19026,19098,19047,19492,19561,19712,19969,19950,20126,20220,20184,20459,20260,20177,20392,20111,20560,20523,20578,20900,20926,21089,20709,21263,21311,21132,21266,20877,20911,21160,21314,21233,21423,20561,20712,20658,20543,20895,20680,20732,21093,20110,19121,19126,19076,19432,19613,19935,20092,20623,20592,20735,20457,20528,20741,21064,21014,21175,20999,20897,21125,20795,20515,20274,21276,21085,21142,20881,21147,21255,21379,21384,20940,20626,20685,20722,20942,20995,20922,20971,21186,20487,19851,20279,20575,20583,21053,20692,20562,20977,20416,20310,20505,20438,20596,20465,20464,20599,20634,20290,20258,20207,20098,20418,20300,20186,20228,20036,19828,19849,19984,20181,19929,19733,19782,19905,19787,20191,19348,19245,19488,19205,18931,19294,19336,19268,19679,19535,20336,19194,19447,19337,19412,19702,19540,19294,19342,19439,19436,19331,19340,19544,19522,20092,19410,19168,19534,19510,19496,19660,19596,19621,19561,19799,19277,19552,19307,19308,19343,19279,19439,19468,19188,19216,19145,18988,19470,19198,19067,18991,18732,19106,19099,19025,18447,18919,19485,18320,14649,16648,17799,18077,18163,18368,18344,18184,18370,18184,18228,18394,18713,18413,18140,18437,18353,18096,17468,17439,17701,18130,18454,18258,17870,17841,17415,16974,17708,16546,16760,16945,15695,16037,15937,16565,15916,15896,16192,16012,16152,16104,16854,16346,16598,16238,16425,16574,16798,16757,17260,17543,17335,17597,17334,17552,17226,17312,16973
P4141,Electricity generated and available for distribution,ELEKTS23,National electricity supplier,Purchased outside South Africa (import),,,Seasonally adjusted,Gigawatt-hours,,Monthly,683,529,6,24,20,2,599,476,495,506,601,778,569,488,665,774,629,797,479,282,507,713,636,708,670,643,783,733,658,704,702,721,637,454,477,691,705,637,706,547,569,518,792,424,266,272,583,720,828,811,863,641,547,560,607,618,590,536,746,679,729,714,533,598,849,813,856,883,686,836,865,837,872,646,581,587,879,881,926,930,971,682,862,965,1088,942,973,1055,900,880,984,1045,1026,1040,796,619,638,885,802,844,761,1002,1089,1076,1044,645,711,1075,1102,999,1064,906,937,1088,1040,1072,920,1115,940,1112,1122,995,1040,931,1074,1019,1117,1109,1068,770,1018,930,1088,730,1112,912,907,1009,979,1108,974,911,1073,1087,1085,1063,945,1068,1066,1044,903,465,474,451,654,788,676,407,455,559,919,881,965,930,839,891,854,1052,1020,873,854,664,902,882,945,935,867,1086,1120,1029,1057,1061,1163,1144,1192,1052,1201,1033,971,1144,947,1094,1058,930,1000,976,930,788,863,770,908,802,819,711,701,670,765,792,731,718,765,786,648,686,572,734,799,712,760,744,810,795,810,935,810,847,764,901,915,749,707,689,888,692,825,766,817,900,903,953,975,820,920,898,794,786,832,832,731,767,698,776,858,743,743,790,711,571,853,1033,927,783,1021,1104,1099,835,871,904,913,918,823,903,852,884,771,988,1003,761,883,807,951,922,991,954,808,786,878,965,981,881,822,927,925,900,830,823,628,660,602,776,588,534
P4141,Electricity generated and available for distribution,ELEKTS22,National electricity supplier,Consumed in power stations and auxiliary systems,,,Seasonally adjusted,Gigawatt-hours,,Monthly,1145,1201,1235,1252,1240,1252,1191,1226,1148,1207,1241,1223,1138,1003,1080,1183,1125,1111,1203,1199,1184,1177,1106,1097,1148,1130,1150,1166,1260,1258,1181,1158,1196,1176,1235,1204,1283,1302,1308,1341,1324,1381,1359,1389,1420,1404,1396,1339,1382,1431,1408,1439,1465,1505,1448,1434,1433,1420,1400,1421,1405,1405,1424,1436,1399,1383,1422,1398,1341,1352,1473,1446,1508,1437,1457,1401,1451,1457,1458,1463,1478,1489,1471,1494,1541,1520,1503,1506,1522,1517,1497,1558,1597,1513,1517,1537,1514,1534,1511,1472,1487,1478,1500,1456,1446,1458,1459,1419,1425,1401,1452,1467,1476,1449,1491,1499,1520,1368,1364,1462,1587,1496,1442,1432,1476,1522,1488,1475,1500,1547,1552,1550,1514,1500,1524,1537,1520,1497,1491,1500,1515,1517,1524,1496,1566,1462,1472,1472,1450,1497,1480,1494,1506,1498,1481,1496,1480,1515,1521,1544,1513,1517,1502,1460,1377,1371,1448,1436,1468,1508,1518,1498,1481,1433,1434,1468,1449,1416,1471,1447,1460,1423,1493,1419,1416,1436,1405,1372,1402,1414,1387,1470,1451,1448,1359,1363,1335,1421,1552,1611,1564,1556,1513,1511,1476,1394,1484,1535,1564,1549,1524,1541,1547,1566,1556,1578,1611,1615,1649,1632,1603,1529,1495,1569,1552,1594,1593,1553,1581,1543,1543,1550,1569,1622,1619,1599,1656,1602,1658,1619,1620,1648,1627,1477,1549,1596,1560,1549,1523,1548,1526,1562,1563,1576,1558,1610,1584,1600,1633,1562,1540,1463,1500,1515,1525,1538,1532,1558,1491,1422,1332,1393,1396,1386,1484,1386,1360,1340,1350,1304,1298,1345,1423,1401,1403,1429,1407,1418,1380,1408,1433,1448,1461,1512,1491,1496,1457,1440,1445,1430,1468,1465
P4141,Electricity generated and available for distribution,ELEKTS24,National electricity supplier,Sold outside South Africa (export),,,Seasonally adjusted,Gigawatt-hours,,Monthly,191,203,228,189,214,203,348,365,414,459,474,619,580,553,573,548,531,519,529,531,528,540,555,542,546,559,576,614,594,616,597,592,573,564,554,589,600,615,644,709,865,799,870,964,999,1021,1005,1043,1063,1085,1059,1042,1004,1058,1065,983,1000,1018,1060,1017,1061,1007,993,1083,1142,1097,1026,1081,1093,1068,1088,1141,1091,1161,1150,1105,1101,1101,1166,1203,1205,1223,1145,1110,1174,1173,1247,1215,1255,1261,1234,1195,1157,1164,1203,1213,1324,1222,1146,1072,1163,1175,1194,1164,1179,1170,1187,1171,1143,1100,1106,1156,1142,1198,1177,1183,1263,1197,1138,1251,1266,1249,1255,1236,1197,1160,1170,1229,1227,1247,1239,1202,1179,1180,1274,1261,1255,1208,1217,1257,1266,1283,1310,1289,1289,1313,1224,1253,1332,1370,1326,1260,1142,1202,1175,1165,1149,1178,1162,1223,1212,1191,1158,1159,1140,1133,1174,1057,1208,1161,1194,1095,1068,1121,1149,1148,1165,1255,1159,1112,1171,1180,1206,1151,1196,1164,1159,1375,1238,1153,1248,1354,1350,1480,1413,1473,1408,1434,1420,1362,1356,1188,1386,1264,1246,1167,1120,1249,1314,1254,1272,1310,1319,1329,1273,1337,1419,1232,1213,1121,1110,1192,1196,1148,1191,1202,1205,1155,1113,1132,1150,1209,1361,1293,1300,1357,1248,1254,1285,1277,1328,1304,1404,1116,1089,1100,1049,1018,1035,1082,1074,1053,1039,1090,1081,1255,1171,1128,1167,1181,1179,1131,1098,1181,1169,1151,1111,1034,1041,1013,1004,1009,960,930,925,917,969,940,981,976,930,923,923,901,931,931,932,908,823,917,965,990,973,1201,1124,1178,1259,1281,1388,1423,1263,1162
P4141,Electricity generated and available for distribution,ELEKTRWC,Electricity distributed,,Province:,Western Cape,,Gigawatt-hours,,Monthly,,,,,,,,,,,,,,,,,,,,,,,,,1605,1578,1716,1587,1666,1736,1832,1796,1658,1721,1690,1688,1710,1656,1803,1691,1703,1776,1854,1825,1733,1775,1738,1750,1786,1778,1859,1729,1845,1826,1934,1936,1809,1822,1815,1807,1835,1736,1869,1798,1906,1891,1933,2029,1875,1866,1868,1868,1898,1752,1919,1842,1930,1888,1975,1980,1834,1874,1868,1904,1987,1868,2055,1900,2038,2030,2076,2083,1955,2000,1935,1914,1929,1850,1974,1897,2008,1998,2102,2021,1991,1967,1841,1903,1941,1846,2056,1864,1917,1925,1976,2001,1887,1852,1842,1890,1978,1871,2060,1874,1924,1959,2045,2004,1872,1917,1916,1927,1984,1912,2057,1888,1978,1976,2018,2001,1915,1913,1927,1934,2040,1950,2064,1886,2004,1995,2044,2044,1905,1932,1888,1929,1988,1853,2026,1895,1989,1938,1989,2016,1922,1819,1844,1930,1976,1902,1986,1898,1971,1939,2059,1965,1882,1953,1870,1866,1961,1820,1971,1853,1917,1911,1990,1970,1879,1938,1871,1940,1991,1926,1965,1861,1918,1924,1996,1841,1816,1889,1896,1886,1941,1858,2036,1847,1967,1939,2003,2003,1860,1909,1867,1879,1931,1813,1959,1812,1916,1881,1918,1993,1876,1833,1862,1847,1947,1848,1916,1854,1942,1899,2019,1980,1818,1882,1811,1752,1900,1806,1856,1489,1637,1684,1761,1786,1664,1706,1660,1690,1718,1625,1741,1683,1729,1672,1814,1771,1676,1610,1567,1603,1716,1638,1778,1629,1709,1573,1627,1787,1503,1562,1551,1415,1471,1409,1569,1419,1507,1675,1630,1613,1500,1567,1486,1542,1623,1543,1635,1592,1677,1654,1797,1748,1590,1599,1560,1542,1610,1506
P4141,Electricity generated and available for distribution,ELEKTREC,Electricity distributed,,Province:,Eastern Cape,,Gigawatt-hours,,Monthly,,,,,,,,,,,,,,,,,,,,,,,,,436,434,471,499,537,523,553,524,474,517,503,450,490,471,511,493,534,549,576,570,533,548,523,487,545,520,550,504,573,578,604,584,559,563,560,490,531,502,545,543,578,577,594,601,577,568,553,509,540,510,555,523,583,583,605,607,575,590,577,537,581,555,601,569,636,620,636,640,621,649,629,556,591,592,611,589,631,638,664,642,628,630,589,519,566,515,582,544,621,630,638,642,610,589,598,558,600,559,623,593,662,648,690,654,615,654,633,601,620,588,623,611,664,672,699,697,661,659,641,597,662,643,684,608,680,673,698,700,650,648,631,606,651,615,649,634,688,677,716,698,645,656,625,604,682,636,672,645,649,645,711,718,722,758,707,663,723,655,709,680,728,735,786,763,725,741,724,709,741,702,719,689,709,738,802,806,782,850,840,813,839,787,835,701,765,764,795,787,747,764,744,709,740,674,731,687,769,760,792,810,752,777,743,695,734,676,724,728,767,757,807,793,742,763,733,687,737,668,704,587,691,721,768,781,733,766,713,686,697,642,723,710,766,740,789,810,770,745,706,697,759,702,772,749,787,778,777,811,709,712,696,613,634,581,678,632,701,774,781,774,707,760,676,660,674,662,704,718,742,751,824,798,765,766,707,670,710,643
P4141,Electricity generated and available for distribution,ELEKTRNC,Electricity distributed,,Province:,Northern Cape,,Gigawatt-hours,,Monthly,,,,,,,,,,,,,,,,,,,,,,,,,402,394,389,342,363,379,395,390,403,437,381,330,398,366,380,333,346,390,418,423,413,450,421,430,416,418,432,369,400,424,443,428,433,454,466,444,478,429,436,383,412,418,441,435,445,480,425,445,432,385,434,390,420,415,423,433,441,464,467,483,500,447,460,384,422,433,470,437,411,427,438,421,438,435,420,387,402,405,445,442,463,495,452,433,460,396,441,374,386,395,434,411,421,434,451,468,449,434,446,396,404,418,438,406,401,465,437,454,439,400,436,403,421,448,457,449,454,490,467,478,515,467,475,419,434,452,477,478,469,472,504,477,556,498,517,438,467,472,493,488,487,541,533,497,565,490,523,454,449,479,515,491,516,522,463,508,561,510,520,446,469,464,490,491,501,529,515,531,498,504,497,446,425,395,406,455,426,435,537,565,514,461,448,454,480,481,511,516,472,522,493,545,563,487,532,481,486,498,526,521,507,566,551,539,595,508,559,487,498,511,547,519,535,581,560,516,515,469,474,378,466,504,521,517,497,527,501,534,509,506,517,477,485,506,539,513,503,476,475,469,497,460,469,448,466,482,504,523,479,519,479,483,517,411,506,435,443,474,484,508,475,508,579,601,532,510,528,441,469,477,497,502,496,506,491,525,572,483
P4141,Electricity generated and available for distribution,ELEKTRFS,Electricity distributed,,Province:,Free State,,Gigawatt-hours,,Monthly,,,,,,,,,,,,,,,,,,,,,,,,,1151,1058,1140,1136,1242,1230,1292,1221,1145,1193,1164,1114,1163,1091,1143,1087,1185,1202,1253,1220,1102,1178,1128,1116,1145,1089,1150,1108,1197,1197,1217,1164,1080,1112,1064,1068,1062,994,1078,1058,1114,1109,1172,1172,1077,1140,1117,1112,1121,972,1062,1005,1131,1082,1139,1123,1003,1048,1051,1035,1089,996,1106,1054,1130,1104,1143,1127,1019,1056,1041,991,1021,975,1010,961,1029,1061,1142,1061,975,1046,1016,997,1026,944,1045,982,1063,1088,1117,1079,976,1010,998,986,1005,933,1040,981,1031,1086,1114,1081,977,1068,1005,980,1005,919,1072,1017,1046,1065,1100,1044,937,986,986,901,978,933,974,958,1007,1051,1086,1038,926,975,994,868,889,824,1098,998,1063,1079,1082,1042,964,1000,985,975,1025,914,998,951,1012,1030,1090,1034,967,981,941,930,1011,883,971,929,980,1008,1050,1004,949,974,944,986,1003,950,939,929,1014,1019,1057,1029,958,989,916,974,995,901,988,937,1020,1010,1041,1039,960,979,950,958,998,876,958,898,1001,1020,1064,1030,921,1001,975,962,993,881,930,920,977,982,1049,995,928,1005,989,922,958,903,916,751,906,973,1032,1022,946,946,931,914,853,828,881,893,942,966,1026,992,891,869,863,833,862,800,881,841,840,901,810,968,842,869,828,809,843,770,863,790,852,936,918,900,788,869,835,839,841,804,871,883,934,958,1002,954,854,930,905,941,902,810
P4141,Electricity generated and available for distribution,ELEKTRKZ,Electricity distributed,,Province:,KwaZulu-Natal,,Gigawatt-hours,,Monthly,,,,,,,,,,,,,,,,,,,,,,,,,3071,2847,3105,3055,3277,3199,3324,3273,3164,3287,3206,3185,3167,2934,3218,3165,3324,3266,3416,3366,3254,3431,3366,3367,3379,3247,3467,3313,3552,3541,3669,3628,3475,3584,3493,3466,3457,3268,3524,3479,3576,3578,3757,3717,3608,3736,3647,3640,3656,3402,3745,3595,3830,3789,3879,3827,3723,3846,3753,3756,3786,3520,3880,3689,3958,3896,4019,3996,3784,3940,3732,3739,3753,3485,3540,3565,3678,3633,3861,3803,3753,3872,3688,3562,3604,3334,3707,3574,3743,3710,3884,3840,3751,3827,3669,3689,3701,3426,3806,3655,3812,3815,3932,3810,3719,3810,3640,3603,3622,3428,3838,3655,3865,3789,3909,3850,3646,3792,3707,3703,3725,3468,3510,3338,3529,3540,3646,3650,3506,3624,3612,3547,3577,3298,3632,3544,3687,3635,3857,3805,3620,3751,3531,3594,3650,3347,3637,3560,3696,3568,3612,3512,3440,3556,3357,3386,3400,3155,3519,3362,3477,3393,3521,3429,3326,3372,3250,3256,3299,3131,3322,3249,3366,3332,3457,3424,3321,3377,3334,3365,3393,3171,3497,3362,3536,3512,3601,3618,3427,3490,3377,3330,3343,3135,3438,3278,3564,3495,3599,3643,3459,3567,3427,3392,3463,3122,3423,3330,3523,3407,3555,3486,3399,3498,3328,3214,3346,3123,3309,2855,3203,3381,3545,3493,3330,3383,3282,3327,3266,3034,3376,3310,3438,3384,3390,3466,3300,3281,3161,3193,3246,3032,3365,3099,3311,3333,3386,3504,3196,3276,3159,3050,3068,2826,3204,3002,3173,3272,3319,3316,3110,3237,3081,3141,3087,2959,3220,3154,3314,3304,3395,3273,3234,3294,3172,3128,3146,2865
P4141,Electricity generated and available for distribution,ELEKTRNW,Electricity distributed,,Province:,North west,,Gigawatt-hours,,Monthly,,,,,,,,,,,,,,,,,,,,,,,,,1335,1219,1381,1368,1472,1491,1596,1539,1499,1585,1555,1508,1558,1457,1617,1572,1723,1715,1729,1678,1636,1736,1674,1652,1682,1594,1739,1621,1704,1703,1747,1670,1663,1666,1601,1423,1594,1482,1613,1588,1687,1640,1583,1516,1578,1719,1678,1665,1670,1510,1549,1468,1622,1626,1680,1695,1660,1715,1697,1653,1679,1608,1830,1720,1877,1850,1888,1916,1832,1886,1887,1801,1743,1705,1818,1791,1876,1864,1892,1844,1838,1904,1675,1370,1302,1243,1383,1415,1695,1681,1869,1783,1767,1858,1850,1776,1799,1705,1849,1758,1884,1767,1845,1839,1785,1894,1879,1810,1864,1738,1946,1832,1926,1710,1756,1640,1743,1833,1705,1748,1779,1594,1738,1574,1644,1690,1793,1742,1637,1697,1787,1748,1703,1566,1737,1685,1768,1869,1946,1902,1783,1823,1788,1727,1726,1467,1570,1515,1645,1535,1658,1716,1745,1889,1820,1812,1880,1752,1940,1775,1878,1784,1830,1728,1772,1861,1790,1725,1744,1672,1761,1695,1756,1702,1739,1741,1760,1843,1829,1811,1820,1703,1928,1843,1968,1692,1661,1672,1787,1826,1853,1756,1806,1679,1877,1811,1976,1809,1816,1800,1866,1930,1910,1839,1817,1690,1860,1807,1915,1686,1614,1432,1672,1799,1732,1634,1692,1637,1529,824,1221,1331,1450,1393,1678,1842,1778,1757,1772,1668,1894,1847,1980,1863,1924,1749,1796,1889,1863,1808,1870,1743,1944,1913,1997,1930,1880,1863,1805,1945,1853,1745,1818,1659,1902,1801,1929,1601,1550,1549,1674,1832,1750,1681,1698,1595,1804,1700,1771,1842,1827,1888,1780,1779,1736,1650,1671,1497
P4141,Electricity generated and available for distribution,ELEKTRGT,Electricity distributed,,Province:,Gauteng,,Gigawatt-hours,,Monthly,,,,,,,,,,,,,,,,,,,,,,,,,4404,4144,4530,4498,5086,5342,5695,5177,4750,4822,4629,4323,4551,4263,4732,4545,5158,5362,5658,5387,4800,4993,4728,4408,4621,4513,4862,4649,5235,5680,6064,5410,5093,5082,4943,4610,4815,4556,4938,4988,5359,5356,5635,5397,4993,5101,4927,4642,4861,4663,5182,4967,5908,6015,6054,6016,5248,5235,5118,4848,5060,4830,5344,5053,5889,6171,6486,6131,5306,5529,5311,4904,5097,4952,5249,5209,5771,5994,6356,5815,5367,5321,5012,4543,4837,4589,5038,4756,5437,5727,6283,5795,5100,5271,5129,4768,4992,4729,5253,5151,5676,6064,6253,5755,5131,5319,5190,4735,5043,4755,5287,5208,5836,6253,6407,6099,5287,5349,5143,4767,4932,4855,5122,4881,5488,5960,6037,5814,5190,5027,4965,4547,4823,4491,4773,4985,5528,5646,5910,5729,5046,5230,4960,4577,4847,4564,5014,4915,5429,5739,5898,5760,5153,5205,4954,4539,4780,4492,4986,4739,5074,5533,5768,5345,4952,4979,4812,4509,4663,4632,4842,4842,5445,5640,5879,5561,4991,4986,4811,4486,4693,4489,4930,4758,5501,5666,5781,5668,4939,5118,4903,4542,4739,4479,4897,4810,5491,5700,6026,5488,4979,5041,4783,4406,4646,4364,4739,4788,5243,5526,5865,5234,4869,4960,4691,4340,4527,4377,4602,3857,4782,5486,5756,5373,4714,4811,4568,4350,4462,4252,4674,4501,5199,5440,5810,5435,4717,4639,4491,4293,4388,4083,4433,4489,4973,5268,5264,5222,4232,4378,4310,3741,3890,3692,4220,3975,4493,5003,5102,4834,4122,4459,4129,3900,4027,3896,4196,4327,4589,5120,5330,4873,4468,4436,4195,3832,4046,3846
P4141,Electricity generated and available for distribution,ELEKTRML,Electricity distributed,,Province:,Mpumalanga,,Gigawatt-hours,,Monthly,,,,,,,,,,,,,,,,,,,,,,,,,2464,2264,2473,2489,2655,2589,2695,2604,2535,2607,2542,2553,2436,2328,2637,2459,2548,2479,2635,2610,2465,2626,2532,2621,2625,2517,2662,2551,2756,2685,2704,2639,2546,2729,2689,2690,2609,2489,2665,2620,2768,2572,2628,2520,2520,2663,2512,2538,2531,2462,2669,2506,2860,2781,2853,2718,2608,2813,2711,2746,2850,2575,2782,2695,2857,2819,2927,2855,2710,2848,2743,2809,2745,2677,2861,2745,2862,2866,2907,2850,2652,2774,2504,2372,2312,2077,2351,2510,2654,2563,2766,2708,2622,2738,2555,2638,2725,2510,2825,2573,2782,2781,2717,2750,2469,2844,2764,2730,2822,2649,2870,2707,2834,2725,2647,2681,2656,2826,2778,2822,2760,2638,2801,2776,2890,2810,2829,2739,2658,2846,2820,2693,2650,2430,2643,2567,2712,2815,2893,2865,2669,2864,2715,2739,2905,2660,2948,2866,2981,2871,3011,2934,2866,2753,2793,2843,2929,2657,2936,2841,2844,2776,2780,2639,2645,2759,2672,2753,2755,2590,2743,2758,2831,2617,2696,2657,2600,2795,2726,2750,2762,2476,2746,2711,2843,2729,2711,2720,2642,2798,2768,2813,2841,2582,2849,2609,2891,2760,2803,2741,2430,2825,2769,2757,2819,2486,2714,2715,2878,2784,2727,2668,2601,2785,2687,2625,2764,2560,2695,2221,2460,2621,2693,2638,2615,2744,2639,2666,2652,2392,2652,2575,2719,2644,2681,2634,2497,2634,2532,2538,2571,2392,2598,2551,2703,2559,2513,2539,2245,2526,2403,2451,2538,2249,2583,2443,2582,2616,2540,2498,2342,2631,2513,2569,2518,2341,2507,2496,2683,2620,2699,2594,2477,2609,2519,2517,2496,2235
P4141,Electricity generated and available for distribution,ELEKTRLP,Electricity distributed,,Province:,Limpopo,,Gigawatt-hours,,Monthly,,,,,,,,,,,,,,,,,,,,,,,,,950,875,968,919,1016,969,1042,1049,1004,1040,1005,1017,1006,943,1058,1026,1083,1050,1098,1095,1057,1097,1067,1066,1086,1028,1107,1075,1125,1120,1150,1160,1106,1089,1117,1130,1140,1035,1145,1130,1202,1174,1201,1210,1149,1167,1104,1138,1178,1071,1164,1159,1253,1273,1282,1279,1287,1372,1300,1362,1370,1311,1422,1296,1413,1380,1410,1375,1349,1369,1350,1357,1283,1252,1328,1341,1426,1412,1500,1486,1424,1453,1224,1212,1218,1111,1300,1267,1381,1325,1387,1390,1448,1468,1394,1419,1477,1374,1541,1455,1543,1512,1527,1499,1513,1575,1523,1540,1545,1450,1598,1507,1584,1571,1458,1428,1617,1668,1622,1605,1604,1583,1568,1450,1524,1494,1497,1500,1529,1554,1547,1502,1471,1367,1476,1445,1504,1588,1674,1664,1672,1647,1580,1605,1604,1444,1562,1582,1645,1647,1707,1691,1686,1746,1707,1734,1709,1551,1649,1619,1698,1643,1610,1599,1660,1776,1682,1668,1705,1653,1682,1669,1681,1595,1595,1618,1588,1668,1582,1614,1633,1491,1679,1605,1691,1584,1549,1545,1547,1671,1657,1701,1724,1559,1762,1702,1773,1653,1709,1657,1707,1832,1779,1760,1776,1635,1757,1728,1805,1697,1678,1633,1697,1794,1736,1718,1730,1633,1661,1189,1566,1618,1678,1677,1690,1785,1701,1745,1735,1585,1763,1737,1805,1675,1749,1719,1734,1746,1735,1742,1756,1645,1794,1685,1749,1710,1663,1672,1579,1684,1649,1598,1634,1507,1762,1625,1645,1661,1673,1730,1686,1848,1684,1766,1719,1626,1802,1728,1746,1800,1722,1755,1724,1766,1750,1766,1635,1445
P4141,Electricity generated and available for distribution,ELEKTRSA,Electricity distributed,,South Africa,,,Gigawatt-hours,,Monthly,,,,,,,,,,,,,,,,,,,,,,,,,15818,14813,16173,15893,17314,17458,18424,17573,16632,17209,16675,16168,16479,15509,17099,16371,17604,17789,18637,18174,16993,17834,17177,16897,17285,16704,17828,16919,18387,18754,19532,18619,17764,18101,17748,17128,17521,16491,17813,17587,18602,18315,18944,18597,17822,18440,17831,17557,17887,16727,18279,17455,19537,19452,19890,19678,18379,18957,18542,18324,18902,17710,19480,18360,20220,20303,21055,20560,18987,19704,19066,18492,18600,17923,18811,18485,19683,19871,20869,19964,19091,19462,18001,16911,17266,16055,17903,17286,18897,19044,20354,19649,18582,19047,18486,18192,18726,17541,19443,18436,19718,20050,20561,19798,18482,19546,18987,18380,18944,17839,19727,18828,20154,20209,20451,19889,18916,19516,18976,18555,18995,18131,18936,17890,19200,19665,20107,19705,18470,18775,18748,17917,18308,16942,18551,18191,19406,19719,20560,20209,18808,19331,18561,18248,18980,17424,18910,18386,19477,19453,20261,19821,18977,19363,18612,18281,18954,17475,19201,18244,19065,19247,19825,18968,18409,18929,18260,18077,18399,17760,18470,18138,19145,18962,19627,19132,18242,18832,18471,18264,18590,17337,19087,18218,19771,19377,19653,19568,18381,19077,18612,18233,18685,17284,19003,18088,19867,19576,20253,19683,18497,19372,18799,18197,18790,17210,18622,18357,19548,19249,19861,18740,18261,19067,18267,17408,18169,17176,17746,14150,16932,18319,19204,18679,17868,18510,17773,17669,17665,16532,18221,17733,19065,18891,19721,19088,17883,17889,17394,17175,17665,16495,18035,17404,18535,18536,18423,18889,16590,17472,16928,15904,16413,15102,17287,16122,17323,18012,17997,17723,16405,17712,16733,16699,16720,15937,17268,17039,17924,18526,19092,18384,17387,17685,17034,16570,16788,15329
